tweet_id,fav_count,retweet_count
666020888022790149,2424,464
666029285002620928,121,42
666033412701032449,112,41
666044226329800704,273,132
666049248165822465,96,40
666050758794694657,124,51
666051853826850816,1129,781
666055525042405380,411,221
666057090499244032,270,127
666058600524156928,105,54
666063827256086533,450,198
666071193221509120,136,53
666073100786774016,298,147
666082916733198337,103,41
666094000022159362,154,67
666099513787052032,143,60
666102155909144576,72,11
666104133288665088,13708,6010
666268910803644416,95,32
666273097616637952,161,73
666287406224695296,138,62
666293911632134144,469,322
666337882303524864,182,84
666345417576210432,275,128
666353288456101888,200,66
666362758909284353,729,521
666373753744588802,174,85
666396247373291520,159,76
666407126856765440,100,32
666411507551481857,414,302
666418789513326592,115,42
666421158376562688,301,107
666428276349472768,155,78
666430724426358785,301,179
666435652385423360,159,48
666437273139982337,117,42
666447344410484738,98,18
666454714377183233,493,201
666644823164719104,221,76
666649482315059201,1069,586
666691418707132416,177,45
666701168228331520,409,207
666739327293083650,223,62
666776908487630848,331,164
666781792255496192,366,181
666786068205871104,719,463
666804364988780544,222,85
666817836334096384,491,238
666826780179869698,242,88
666835007768551424,202,77
666837028449972224,769,528
666983947667116034,2440,929
666996132027977728,232,84
667012601033924608,429,211
667044094246576128,176,47
667062181243039745,210,49
667065535570550784,161,42
667073648344346624,379,113
667090893657276420,318,118
667119796878725120,319,123
667138269671505920,4387,2086
667152164079423490,45748,16134
667160273090932737,248,60
667165590075940865,2578,1076
667171260800061440,212,80
667174963120574464,233,74
667176164155375616,583,436
667177989038297088,184,51
667182792070062081,13731,5878
667188689915760640,717,381
667192066997374976,367,95
667200525029539841,592,249
667211855547486208,465,229
667369227918143488,351,154
667393430834667520,188,52
667405339315146752,449,213
667435689202614272,297,82
667437278097252352,434,225
667443425659232256,752,551
667453023279554560,298,85
667455448082227200,183,56
667470559035432960,246,90
667491009379606528,514,213
667495797102141441,503,254
667502640335572993,520,212
667509364010450944,6529,2029
667517642048163840,354,182
667524857454854144,1630,1068
667530908589760512,447,227
667534815156183040,788,498
667538891197542400,197,62
667544320556335104,829,501
667546741521195010,328,116
667549055577362432,5558,2163
667550882905632768,0,32
667550904950915073,0,33
667724302356258817,463,306
667728196545200128,365,143
667766675769573376,422,204
667773195014021121,226,52
667782464991965184,401,236
667793409583771648,678,315
667801013445750784,318,93
667806454573760512,1017,469
667832474953625600,287,60
667861340749471744,235,74
667866724293877760,2918,985
667873844930215936,606,386
667878741721415682,379,113
667885044254572545,792,452
667886921285246976,1802,1031
667902449697558528,826,362
667911425562669056,474,284
667915453470232577,199,54
667924896115245057,285,108
667937095915278337,1210,762
668113020489474048,646,225
668142349051129856,557,270
668154635664932864,479,296
668171859951755264,467,186
668190681446379520,625,191
668204964695683073,539,187
668221241640230912,498,187
668226093875376128,289,97
668237644992782336,5977,2720
668248472370458624,940,463
668256321989451776,1250,577
668268907921326080,538,227
668274247790391296,796,224
668286279830867968,484,131
668291999406125056,234,29
668297328638447616,604,285
668466899341221888,857,493
668480044826800133,443,142
668484198282485761,414,226
668496999348633600,394,126
668507509523615744,312,101
668528771708952576,445,214
668537837512433665,245,68
668542336805281792,438,204
668544745690562560,496,215
668567822092664832,235,50
668614819948453888,597,307
668620235289837568,192,38
668623201287675904,1376,724
668625577880875008,371,123
668627278264475648,307,109
668631377374486528,686,305
668633411083464705,2702,1553
668636665813057536,1010,476
668641109086707712,1036,525
668643542311546881,847,508
668645506898350081,850,512
668655139528511488,507,210
668779399630725120,682,353
668815180734689280,544,255
668826086256599040,422,130
668852170888998912,437,153
668872652652679168,511,289
668892474547511297,386,144
668902994700836864,309,97
668932921458302977,254,55
668955713004314625,268,68
668960084974809088,682,232
668975677807423489,1259,556
668979806671884288,771,334
668981893510119424,521,291
668986018524233728,537,159
668988183816871936,876,445
668989615043424256,657,318
668992363537309700,723,327
668994913074286592,426,218
669000397445533696,20218,6123
669006782128353280,559,238
669015743032369152,720,360
669037058363662336,633,299
669203728096960512,975,456
669214165781868544,426,154
669216679721873412,1157,393
669324657376567296,486,200
669327207240699904,558,114
669328503091937280,986,403
669351434509529089,420,173
669353438988365824,608,252
669354382627049472,2611,1231
669359674819481600,360,116
669363888236994561,601,219
669367896104181761,446,145
669371483794317312,479,170
669375718304980992,1286,700
669393256313184256,349,71
669564461267722241,375,118
669567591774625800,228,53
669571471778410496,1545,977
669573570759163904,424,134
669583744538451968,1445,888
669597912108789760,501,145
669603084620980224,921,347
669625907762618368,3419,1745
669661792646373376,785,413
669680153564442624,649,272
669682095984410625,345,129
669683899023405056,378,105
669749430875258880,254,63
669753178989142016,783,379
669923323644657664,227,53
669926384437997569,364,94
669942763794931712,489,154
669970042633789440,293,55
669972011175813120,427,149
669993076832759809,314,81
670003130994700288,320,87
670037189829525505,576,261
670040295598354432,731,106
670046952931721218,625,165
670055038660800512,647,316
670061506722140161,738,319
670069087419133954,605,226
670073503555706880,1518,757
670079681849372674,2153,1175
670086499208155136,677,244
670093938074779648,994,317
670290420111441920,676,271
670303360680108032,419,126
670319130621435904,3762,1170
670338931251150849,416,103
670361874861563904,320,63
670374371102445568,725,259
670385711116361728,546,195
670403879788544000,412,145
670408998013820928,538,211
670411370698022913,1956,852
670417414769758208,553,309
670420569653809152,604,302
670421925039075328,1264,607
670427002554466305,508,154
670428280563085312,1339,594
670433248821026816,319,106
670434127938719744,1358,620
670435821946826752,1020,494
670442337873600512,628,191
670444955656130560,6511,1905
670449342516494336,1161,629
670452855871037440,531,195
670465786746662913,941,526
670468609693655041,347,84
670474236058800128,1462,711
670668383499735048,10332,4815
670676092097810432,241,40
670679630144274432,728,272
670691627984359425,575,231
670704688707301377,752,357
670717338665226240,1157,467
670727704916926465,803,343
670733412878163972,930,495
670755717859713024,426,106
670764103623966721,1044,403
670778058496974848,320,71
670780561024270336,766,279
670782429121134593,1505,739
670783437142401025,802,372
670786190031921152,583,195
670789397210615808,643,227
670792680469889025,801,264
670797304698376195,713,229
670803562457407488,332,84
670804601705242624,1893,918
670807719151067136,1126,472
670811965569282048,1093,261
670815497391357952,3068,1481
670822709593571328,588,91
670823764196741120,751,181
670826280409919488,5338,3907
670832455012716544,711,208
670833812859932673,427,118
670838202509447168,1077,669
670840546554966016,569,187
670842764863651840,23852,8360
670995969505435648,1078,283
671109016219725825,1110,419
671115716440031232,1326,749
671122204919246848,3378,2422
671134062904504320,722,185
671138694582165504,893,386
671141549288370177,1113,633
671147085991960577,648,204
671151324042559489,647,149
671154572044468225,686,210
671159727754231808,359,78
671163268581498880,1599,1055
671166507850801152,848,331
671182547775299584,1084,324
671186162933985280,710,204
671347597085433856,927,414
671355857343524864,471,114
671357843010908160,387,147
671362598324076544,1071,286
671390180817915904,1397,718
671485057807351808,736,226
671486386088865792,564,189
671488513339211776,972,458
671497587707535361,888,430
671504605491109889,6767,3419
671511350426865664,1546,679
671518598289059840,919,284
671520732782923777,1349,511
671528761649688577,816,249
671533943490011136,989,557
671536543010570240,1133,389
671538301157904385,906,374
671542985629241344,1055,541
671544874165002241,1904,1012
671547767500775424,1300,571
671561002136281088,12379,6967
671729906628341761,8221,4189
671735591348891648,1395,728
671743150407421952,727,228
671744970634719232,1310,733
671763349865160704,1618,874
671768281401958400,1155,481
671789708968640512,6837,3343
671855973984772097,871,419
671866342182637568,1086,473
671874878652489728,1209,529
671879137494245376,1366,641
671882082306625538,3356,1339
671891728106971137,1276,558
671896809300709376,8236,4019
672068090318987265,1252,500
672082170312290304,910,352
672095186491711488,972,357
672125275208069120,2312,1100
672139350159835138,1691,668
672160042234327040,843,343
672169685991993344,989,353
672205392827572224,2188,1111
672222792075620352,758,204
672231046314901505,1775,968
672239279297454080,867,312
672245253877968896,664,149
672248013293752320,1685,580
672254177670729728,1390,711
672256522047614977,2734,1480
672264251789176834,1096,324
672267570918129665,1448,594
672272411274932228,6250,3241
672466075045466113,1310,513
672475084225949696,1399,676
672481316919734272,699,123
672482722825261057,1094,573
672488522314567680,1074,419
672523490734551040,612,161
672538107540070400,1001,350
672591271085670400,702,177
672591762242805761,928,325
672594978741354496,1298,590
672604026190569472,1083,384
672609152938721280,1081,375
672614745925664768,1189,556
672622327801233409,1250,468
672640509974827008,949,303
672828477930868736,1219,474
672834301050937345,1277,543
672877615439593473,1000,341
672884426393653248,1501,810
672898206762672129,880,408
672902681409806336,1323,480
672964561327235073,1378,619
672968025906282496,1283,522
672970152493887488,921,343
672975131468300288,1625,872
672980819271634944,1765,977
672984142909456390,1220,523
672988786805112832,959,280
672995267319328768,919,277
672997845381865473,1905,689
673148804208660480,1642,607
673213039743795200,2182,815
673240798075449344,1386,699
673270968295534593,1038,348
673295268553605120,7282,3065
673317986296586240,854,246
673320132811366400,13054,7607
673342308415348736,1233,556
673343217010679808,942,260
673345638550134785,2432,1216
673350198937153538,728,203
673352124999274496,1614,522
673355879178194945,1460,555
673359818736984064,1408,651
673363615379013632,995,292
673576835670777856,1347,545
673580926094458881,809,264
673583129559498752,1155,346
673612854080196609,1560,696
673636718965334016,1073,347
673656262056419329,699,231
673662677122719744,1217,355
673680198160809984,1332,449
673686845050527744,1399,420
673688752737402881,1227,478
673689733134946305,1688,622
673697980713705472,3859,1902
673700254269775872,1392,548
673705679337693185,1222,394
673707060090052608,1068,378
673708611235921920,1047,275
673709992831262724,813,263
673711475735838725,1009,291
673715861853720576,3444,1991
673887867907739649,909,246
673906403526995968,3098,1578
673919437611909120,1135,360
673956914389192708,1901,922
674008982932058114,1163,339
674014384960745472,1513,611
674019345211760640,1096,293
674024893172875264,1722,1181
674036086168010753,831,202
674038233588723717,1072,402
674042553264685056,704,122
674045139690631169,1371,619
674051556661161984,1408,472
674053186244734976,3210,1252
674063288070742018,6197,2127
674075285688614912,961,275
674082852460433408,738,163
674255168825880576,1429,526
674262580978937856,1273,438
674265582246694913,1595,816
674269164442398721,885,223
674271431610523648,1526,710
674291837063053312,14334,5673
674318007229923329,1374,507
674372068062928900,828,305
674394782723014656,1475,555
674410619106390016,1168,448
674416750885273600,669,133
674422304705744896,1400,527
674436901579923456,1089,379
674447403907457024,1034,346
674468880899788800,6064,1970
674632714662858753,1466,557
674638615994089473,1645,561
674644256330530816,1009,262
674646392044941312,1402,479
674664755118911488,894,245
674670581682434048,1569,630
674690135443775488,1118,458
674737130913071104,631,85
674739953134403584,1075,375
674743008475090944,1365,535
674752233200820224,1429,449
674754018082705410,1336,431
674764817387900928,776,230
674767892831932416,1786,760
674774481756377088,1089,455
674781762103414784,1957,1161
674788554665512960,798,203
674790488185167872,1076,242
674793399141146624,2452,1062
674800520222154752,2944,829
674805413498527744,840,344
674999807681908736,2196,1076
675003128568291329,1528,455
675006312288268288,961,218
675015141583413248,2640,1155
675047298674663426,1041,318
675109292475830276,2735,1103
675111688094527488,942,245
675113801096802304,1906,765
675135153782571009,1275,471
675145476954566656,2090,872
675146535592706048,1157,289
675147105808306176,920,228
675149409102012420,3661,1637
675153376133427200,6126,2517
675166823650848770,3510,1551
675334060156301312,2711,1252
675349384339542016,3836,2212
675354435921575936,31880,16411
675362609739206656,1024,226
675372240448454658,1653,503
675432746517426176,1486,553
675483430902214656,1810,958
675489971617296384,1267,582
675497103322386432,3078,1262
675501075957489664,16820,5697
675517828909424640,1261,454
675522403582218240,1015,282
675531475945709568,1159,372
675534494439489536,1787,403
675706639471788032,631,93
675707330206547968,1936,668
675710890956750848,1856,796
675740360753160193,1147,335
675781562965868544,1603,457
675798442703122432,10079,3343
675820929667219457,1032,230
675822767435051008,1492,523
675845657354215424,2231,861
675853064436391936,2647,1264
675870721063669760,1600,553
675878199931371520,4110,1372
675888385639251968,2343,938
675891555769696257,2093,834
675898130735476737,1585,561
676089483918516224,1288,427
676098748976615425,2956,1398
676101918813499392,2780,1144
676146341966438401,1885,649
676191832485810177,2243,1011
676215927814406144,1716,563
676219687039057920,75247,30531
676237365392908289,1194,283
676263575653122048,2051,534
676430933382295552,1380,340
676440007570247681,1696,650
676470639084101634,11440,4594
676496375194980353,1501,523
676533798876651520,1842,545
676575501977128964,2548,1099
676582956622721024,1183,271
676588346097852417,2286,770
676603393314578432,1146,376
676606785097199616,1866,428
676613908052996102,1068,197
676617503762681856,2854,947
676776431406465024,4932,1992
676811746707918848,1403,416
676819651066732545,1793,655
676821958043033607,22652,15353
676864501615042560,2078,699
676897532954456065,2222,710
676936541936185344,12576,4848
676942428000112642,2050,739
676946864479084545,1712,364
676948236477857792,2150,850
676949632774234114,1290,390
676957860086095872,2216,799
676975532580409345,2746,1051
677187300187611136,2717,906
677228873407442944,3515,1623
677269281705472000,1968,700
677301033169788928,1228,394
677314812125323265,1626,524
677328882937298944,3602,1485
677331501395156992,1076,233
677334615166730240,1331,281
677530072887205888,1055,224
677547928504967168,6869,3617
677557565589463040,2420,1133
677565715327688705,1286,457
677573743309385728,2109,695
677644091929329666,1834,788
677662372920729601,1932,946
677673981332312066,3305,1486
677687604918272002,2469,841
677698403548192770,1222,316
677700003327029250,3355,1424
677716515794329600,3027,967
677895101218201600,4793,2047
677918531514703872,1342,402
678021115718029313,13559,6265
678255464182861824,1580,361
678278586130948096,11335,6022
678334497360859136,1298,249
678341075375947776,1723,532
678380236862578688,2424,905
678389028614488064,1860,420
678396796259975168,1590,410
678399652199309312,78663,31472
678410210315247616,4190,1787
678424312106393600,5438,2519
678446151570427904,3976,1528
678643457146150913,2042,402
678675843183484930,2841,1449
678740035362037760,3737,1662
678755239630127104,7072,3253
678764513869611008,1626,468
678767140346941444,3502,1345
678774928607469569,2793,897
678798276842360832,3438,1154
678800283649069056,2554,892
678969228704284672,1644,455
678991772295516161,2289,1154
679047485189439488,2237,661
679062614270468097,16883,8033
679111216690831360,5944,2564
679132435750195208,2962,1143
679148763231985668,2769,1020
679158373988876288,21233,8001
679462823135686656,31482,18718
679475951516934144,2082,633
679503373272485890,3159,1463
679511351870550016,3360,1259
679527802031484928,2636,716
679530280114372609,4790,2072
679722016581222400,1666,462
679729593985699840,2165,818
679736210798047232,2096,785
679777920601223168,3091,1098
679828447187857408,36221,13957
679844490799091713,2365,759
679854723806179328,2853,1225
679862121895714818,2450,619
679877062409191424,1988,645
680070545539371008,2577,866
680085611152338944,12788,8967
680100725817409536,3569,1374
680115823365742593,2719,903
680130881361686529,2291,938
680145970311643136,3612,1740
680161097740095489,2327,733
680176173301628928,3889,1542
680191257256136705,2145,500
680206703334408192,2834,1169
680221482581123072,1465,292
680440374763077632,1450,497
680473011644985345,2548,740
680494726643068929,1716,482
680497766108381184,4237,1908
680583894916304897,3632,1329
680609293079592961,2644,698
680798457301471234,2852,1029
680801747103793152,2380,814
680836378243002368,3463,1316
680889648562991104,1764,362
680913438424612864,2406,622
680934982542561280,2089,435
680940246314430465,3207,1048
680959110691590145,4581,2003
680970795137544192,2425,655
681193455364796417,3697,1482
681231109724700672,2412,486
681242418453299201,1486,527
681261549936340994,1459,268
681281657291280384,3228,1093
681297372102656000,3211,951
681302363064414209,3935,1811
681320187870711809,2649,741
681339448655802368,9292,4077
681523177663676416,14299,5752
681579835668455424,3556,1299
681610798867845120,1913,463
681654059175129088,2644,921
681679526984871937,1777,439
681694085539872773,12797,4050
681891461017812993,2472,816
681981167097122816,2807,1028
682003177596559360,3136,1528
682032003584274432,6576,2007
682047327939461121,3198,932
682059653698686977,4944,1682
682242692827447297,3250,1162
682259524040966145,4146,1205
682303737705140231,3058,977
682389078323662849,1653,462
682393905736888321,2228,671
682406705142087680,7569,1769
682429480204398592,3438,1157
682638830361513985,2072,599
682662431982772225,3064,1079
682697186228989953,1322,357
682750546109968385,1520,441
682788441537560576,2487,1108
682962037429899265,36865,16576
683030066213818368,2166,738
683078886620553216,1991,564
683098815881154561,2166,658
683111407806746624,3408,911
683142553609318400,2872,1043
683357973142474752,2916,914
683391852557561860,7644,2399
683449695444799489,3903,1605
683462770029932544,2429,674
683481228088049664,2654,996
683498322573824003,3184,962
683742671509258241,6493,3307
683773439333797890,3356,1353
683828599284170753,2799,1062
683834909291606017,2628,1112
683849932751646720,2610,965
683852578183077888,1938,345
683857920510050305,3806,1125
684097758874210310,4124,1430
684122891630342144,2012,466
684177701129875456,2017,663
684188786104872960,3493,1171
684195085588783105,1915,511
684200372118904832,2156,1034
684222868335505415,3824,1370
684225744407494656,1231,207
684241637099323392,8145,3284
684460069371654144,1980,559
684481074559381504,3891,1165
684538444857667585,2648,947
684567543613382656,3024,1213
684594889858887680,8923,3505
684800227459624960,2739,1007
684880619965411328,2099,815
684902183876321280,1877,530
684914660081053696,3514,1453
684926975086034944,3501,461
684940049151070208,3216,1047
684959798585110529,6832,3124
685169283572338688,4120,1428
685198997565345792,2344,667
685268753634967552,3108,1196
685307451701334016,2076,442
685315239903100929,3327,1049
685321586178670592,2657,641
685325112850124800,9480,3965
685532292383666176,3035,1158
685547936038666240,32994,15647
685641971164143616,2942,781
685663452032069632,3244,1459
685667379192414208,2365,563
685906723014619143,7518,2890
685943807276412928,1633,594
685973236358713344,2103,523
686003207160610816,1835,626
686007916130873345,2495,412
686034024800862208,3096,1142
686050296934563840,2223,726
686358356425093120,2190,669
686377065986265092,2214,568
686386521809772549,3261,879
686606069955735556,1889,542
686618349602762752,3709,1362
686683045143953408,2822,803
686730991906516992,4146,1196
686749460672679938,3473,1451
686947101016735744,8638,3185
687096057537363968,2249,601
687102708889812993,2347,979
687109925361856513,5807,2458
687124485711986689,2167,503
687127927494963200,5451,2275
687312378585812992,4360,1900
687317306314240000,20176,9168
687460506001633280,2064,541
687476254459715584,1990,532
687480748861947905,1601,240
687494652870668288,1896,576
687664829264453632,1939,510
687704180304273409,2428,843
687807801670897665,2399,717
687818504314159109,2493,943
687826841265172480,2751,1119
688064179421470721,1738,361
688116655151435777,2835,773
688179443353796608,2142,582
688211956440801280,2243,828
688385280030670848,9308,4482
688519176466644993,2318,726
688547210804498433,2606,700
688789766343622656,2217,663
688804835492233216,966,191
688828561667567616,1385,371
688894073864884227,2247,692
688898160958271489,2096,783
688908934925697024,2119,770
688916208532455424,2733,873
689143371370250240,2024,511
689154315265683456,3082,1004
689275259254616065,1148,243
689280876073582592,1979,712
689283819090870273,3273,1101
689289219123089408,2261,943
689517482558820352,3405,1427
689557536375177216,2048,456
689599056876867584,11669,5529
689623661272240129,2234,639
689659372465688576,10381,3872
689661964914655233,3215,927
689835978131935233,2171,742
689877686181715968,3042,1163
689905486972461056,2438,698
689977555533848577,1375,447
689999384604450816,1422,369
690005060500217858,3667,1686
690015576308211712,2495,730
690021994562220032,2798,1031
690248561355657216,1678,415
690360449368465409,2674,878
690374419777196032,3254,848
690400367696297985,1893,452
690597161306841088,1957,602
690649993829576704,1305,280
690690673629138944,2339,815
690728923253055490,2183,514
690735892932222976,3782,1269
690932576555528194,3289,1023
690938899477221376,4097,1963
690959652130045952,3580,1249
691090071332753408,1722,336
691096613310316544,2962,877
691321916024623104,2563,661
691416866452082688,19329,7624
691444869282295808,2653,845
691459709405118465,4050,1137
691483041324204033,2397,563
691675652215414786,1962,509
691756958957883396,2867,1002
691820333922455552,3962,1661
692017291282812928,2883,957
692142790915014657,1651,394
692158366030913536,2151,790
692187005137076224,2530,818
692417313023332352,9364,3470
692530551048294401,1836,416
692535307825213440,3182,1365
692568918515392513,4365,1534
692752401762250755,6827,3638
692828166163931137,2878,881
692894228850999298,2274,809
692901601640583168,1771,601
692905862751522816,2430,865
692919143163629568,2678,753
693095443459342336,1860,462
693109034023534592,1721,612
693155686491000832,7882,3208
693231807727280129,2871,733
693262851218264065,2219,498
693280720173801472,3349,1234
693486665285931008,1783,635
693590843962331137,5060,1956
693622659251335168,1542,374
693629975228977152,2447,793
693642232151285760,2542,411
693647888581312512,2688,584
693942351086120961,1744,369
694001791655137281,3410,1023
694183373896572928,2951,923
694206574471057408,4162,2031
694329668942569472,2013,501
694352839993344000,2042,615
694356675654983680,1503,287
694669722378485760,35835,14396
694905863685980160,2756,938
695051054296211456,2663,787
695064344191721472,1606,591
695074328191332352,2847,1098
695095422348574720,2634,613
695314793360662529,3633,1452
695409464418041856,8669,3573
695446424020918272,4399,1810
695629776980148225,4561,2098
695767669421768709,1867,747
695794761660297217,3161,766
695816827381944320,3020,1168
696405997980676096,3211,1155
696488710901260288,2537,1018
696713835009417216,2371,651
696754882863349760,1482,361
696877980375769088,2440,711
696886256886657024,4870,1804
696894894812565505,2346,674
696900204696625153,3181,1018
697242256848379904,2520,670
697255105972801536,3039,1165
697259378236399616,3301,1004
697270446429966336,4697,1876
697463031882764288,3426,1397
697482927769255936,2419,673
697575480820686848,2042,498
697596423848730625,3024,1261
697616773278015490,3171,1014
697881462549430272,3016,1181
697943111201378304,2395,681
697990423684476929,3296,1297
697995514407682048,1519,332
698178924120031232,2815,737
698195409219559425,16765,5968
698262614669991936,4758,2001
698342080612007937,2269,952
698355670425473025,1863,449
698549713696649216,2331,624
698635131305795584,1298,338
698703483621523456,1447,379
698710712454139905,2468,681
698907974262222848,2550,625
698953797952008193,2690,898
698989035503689728,3350,971
699036661657767936,2611,1198
699072405256409088,2985,1193
699079609774645248,2459,655
699088579889332224,2251,633
699323444782047232,3157,861
699370870310113280,1891,444
699413908797464576,2083,624
699423671849451520,1367,326
699434518667751424,2170,515
699446877801091073,5956,2611
699691744225525762,10279,4613
699775878809702401,1966,604
699779630832685056,2746,1230
699788877217865730,2235,508
699801817392291840,3069,954
700002074055016451,3328,1342
700029284593901568,2077,583
700062718104104960,2654,690
700143752053182464,7535,2719
700151421916807169,2237,672
700167517596164096,2633,733
700462010979500032,4132,1784
700505138482569216,2293,573
700518061187723268,2619,796
700747788515020802,22843,9322
700796979434098688,2442,940
700847567345688576,2460,500
700864154249383937,2595,621
700890391244103680,2211,566
701214700881756160,12211,5097
701545186879471618,2664,610
701570477911896070,2819,923
701601587219795968,2088,452
701889187134500865,3555,1388
701952816642965504,3848,1022
701981390485725185,3454,990
702217446468493312,4781,1334
702276748847800320,2465,764
702321140488925184,3274,1042
702539513671897089,2885,961
702598099714314240,12232,3431
702671118226825216,2204,556
702684942141153280,3225,1074
702932127499816960,2587,728
703041949650034688,26356,12493
703079050210877440,7398,3077
703268521220972544,1974,548
703356393781329922,1918,383
703382836347330562,3515,1144
703407252292673536,2449,694
703425003149250560,3811,1361
703611486317502464,3860,1525
703631701117943808,2584,679
703769065844768768,3279,1141
703774238772166656,1841,459
704054845121142784,2926,914
704113298707505153,1850,571
704347321748819968,1580,351
704364645503647744,8006,3547
704480331685040129,3394,1062
704499785726889984,2924,1013
704761120771465216,6635,2911
704819833553219584,2647,988
704847917308362754,5079,1526
704859558691414016,2255,540
704871453724954624,4273,1113
705066031337840642,2181,618
705102439679201280,2145,517
705223444686888960,2592,798
705239209544720384,3005,747
705428427625635840,3816,1682
705442520700944385,4428,1622
705475953783398401,2958,914
705591895322394625,3166,1151
705786532653883392,1940,519
705898680587526145,2363,549
705970349788291072,3166,893
705975130514706432,3101,732
706166467411222528,5161,1598
706265994973601792,2739,934
706291001778950144,1698,476
706310011488698368,21320,7911
706346369204748288,3450,926
706516534877929472,3104,1030
706538006853918722,3472,1423
706593038911545345,2153,630
706644897839910912,2573,1087
706681918348251136,3304,971
706901761596989440,2062,590
707014260413456384,2318,596
707021089608753152,4080,1356
707038192327901184,2185,790
707059547140169728,2593,671
707297311098011648,2769,781
707315916783140866,2473,636
707377100785885184,3277,1087
707387676719185920,3495,1286
707411934438625280,2299,597
707420581654872064,2278,697
707610948723478529,16980,6349
707693576495472641,3414,992
707741517457260545,2487,613
707776935007539200,3281,953
707969809498152960,2701,961
707995814724026368,3131,1120
708026248782585858,4383,1926
708109389455101952,1944,547
708119489313951744,2687,978
708130923141795840,3385,849
708149363256774660,4277,1546
708349470027751425,2343,738
708356463048204288,3580,1315
708469915515297792,3092,810
708479650088034305,2546,677
708711088997666817,2540,718
708738143638450176,2741,807
708810915978854401,16467,6911
708834316713893888,1684,495
708845821941387268,2987,897
709042156699303936,4737,1627
709158332880297985,2033,412
709198395643068416,2426,641
709207347839836162,12549,5789
709225125749587968,2405,570
709409458133323776,2617,684
709449600415961088,2227,567
709519240576036864,1493,236
709556954897764353,3293,1068
709566166965075968,3551,1204
709852847387627521,3524,1200
709901256215666688,668,99
709918798883774466,3479,1077
710117014656950272,5492,1989
710140971284037632,2759,874
710153181850935296,2905,884
710269109699739648,2391,1118
710272297844797440,4525,1242
710283270106132480,2145,517
710588934686908417,4529,1862
710658690886586372,2311,556
710833117892898816,2678,533
710844581445812225,2542,687
710997087345876993,4559,1377
711008018775851008,2992,611
711306686208872448,3310,731
711363825979756544,3645,1133
711652651650457602,3850,909
711694788429553666,32800,18279
711732680602345472,8827,4100
711743778164514816,2835,976
711968124745228288,8048,2293
711998809858043904,0,125
712065007010385924,2265,620
712085617388212225,3265,484
712092745624633345,2940,883
712097430750289920,3776,1026
712438159032893441,5318,1557
712668654853337088,4168,1209
712717840512598017,12315,4967
712809025985978368,18509,6676
713175907180089344,4447,1468
713177543487135744,7200,2822
713411074226274305,4426,1292
713761197720473600,4860,1373
713900603437621249,2833,739
713919462244790272,3288,783
714141408463036416,4301,1394
714214115368108032,2271,869
714251586676113411,3274,830
714258258790387713,3032,715
714606013974974464,3626,925
714631576617938945,3277,994
714957620017307648,4115,1403
714982300363173890,3724,1032
715009755312439296,4149,1222
715200624753819648,5124,1877
715220193576927233,2417,647
715342466308784130,3033,688
715360349751484417,5457,1563
715680795826982913,4299,1609
715696743237730304,3898,1283
715733265223708672,4643,1680
715928423106027520,3190,876
716080869887381504,6729,1900
716285507865542656,2759,1057
716439118184652801,2371,207
716791146589110272,8122,1569
716802964044845056,4272,1168
717009362452090881,3246,961
717047459982213120,6273,1922
717421804990701568,3153,843
717537687239008257,5767,1848
717790033953034240,2876,1109
717841801130979328,2461,603
718234618122661888,3855,990
718246886998687744,1921,501
718454725339934721,4840,1502
718460005985447936,2695,523
718540630683709445,2446,1012
718613305783398402,2428,479
718631497683582976,18806,8010
718939241951195136,5236,1752
718971898235854848,3476,1072
719332531645071360,3416,949
719339463458033665,4419,1229
719367763014393856,2794,740
719551379208073216,5050,1901
719704490224398336,4528,1426
719991154352222208,4828,1732
720043174954147842,4892,1998
720059472081784833,3862,1112
720340705894408192,2870,972
720389942216527872,6359,2497
720415127506415616,4118,1494
720775346191278080,2462,662
720785406564900865,3107,763
721001180231503872,2516,608
721503162398597120,4611,1840
722613351520608256,4963,1629
722974582966214656,4085,1558
723179728551723008,5290,1859
723673163800948736,3008,884
723688335806480385,7663,2932
723912936180330496,3875,1231
724004602748780546,4167,1546
724046343203856385,2652,555
724049859469295616,4316,1767
724405726123311104,5259,1640
724771698126512129,2352,636
724983749226668032,3721,1307
725729321944506368,5200,1776
725786712245440512,4156,1364
725842289046749185,7066,2664
726224900189511680,4415,1142
726828223124897792,3558,1001
726887082820554753,3833,1516
726935089318363137,6866,2452
727175381690781696,3900,1379
727286334147182592,3042,808
727314416056803329,3332,741
727524757080539137,4468,1215
727644517743104000,5878,1744
727685679342333952,2954,637
728015554473250816,4105,1102
728035342121635841,4560,1657
728046963732717569,4298,1193
728387165835677696,3687,957
728409960103686147,4908,1999
728653952833728512,3302,1031
728751179681943552,2766,679
728760639972315136,4679,1694
728986383096946689,3140,818
729113531270991872,1880,322
729463711119904772,5787,2312
729823566028484608,3968,1240
729838605770891264,1728,381
729854734790754305,4026,1125
730196704625098752,4850,1900
730211855403241472,3808,1058
730427201120833536,3482,1047
730573383004487680,4898,2125
730924654643314689,6135,1967
731156023742988288,3840,1265
731285275100512256,3487,989
732005617171337216,14891,5399
732375214819057664,8084,2508
732585889486888962,3659,778
732726085725589504,3544,887
732732193018155009,2440,536
733109485275860992,50177,16853
733460102733135873,4195,1280
733482008106668032,3142,952
733822306246479872,3673,1019
733828123016450049,3574,781
734776360183431168,2504,544
734787690684657664,12536,6269
734912297295085568,2748,525
735137028879360001,3127,967
735256018284875776,3333,884
735274964362878976,13012,5032
735635087207878657,6171,2346
735648611367784448,4028,1103
735991953473572864,3595,1151
736010884653420544,7891,2991
736225175608430592,8130,2782
736365877722001409,3977,1247
736736130620620800,4268,1732
737310737551491075,14680,7428
737322739594330112,3615,812
737445876994609152,10265,4459
737678689543020544,5046,1319
737800304142471168,9991,3452
737826014890496000,5276,1769
738156290900254721,2513,646
738166403467907072,8788,3355
738184450748633089,4319,1206
738402415918125056,3250,840
738537504001953792,5095,1544
738883359779196928,3309,791
738885046782832640,3776,1142
739238157791694849,115884,57945
739485634323156992,7164,2926
739544079319588864,39582,21274
739606147276148736,5385,1658
739844404073074688,3812,854
739932936087216128,4061,1073
739979191639244800,19997,5920
740214038584557568,6698,1966
740359016048689152,3303,869
740365076218183684,2466,431
740373189193256964,35057,13326
740676976021798912,18210,6829
740699697422163968,2858,787
740711788199743490,3410,939
740995100998766593,6380,2752
741067306818797568,9525,3105
741303864243200000,8794,3212
741438259667034112,3687,839
741743634094141440,8184,2761
741793263812808706,4547,1512
742150209887731712,5145,1555
742161199639494656,4351,1379
742385895052087300,6820,1973
742423170473463808,9841,3784
742465774154047488,7269,3911
742528092657332225,4432,1984
743210557239623680,3847,1368
743222593470234624,6230,1904
743253157753532416,4239,1228
743510151680958465,7936,3729
743545585370791937,3533,941
743595368194129920,18452,6556
743609206067040256,4488,1383
743895849529389061,3653,963
743980027717509120,4188,1097
744234799360020481,156910,78190
744334592493166593,6813,2120
744709971296780288,5630,1566
744971049620602880,7908,2699
744995568523612160,2972,624
745057283344719872,7276,2273
745314880350101504,7215,2762
745422732645535745,8600,2444
745433870967832576,7107,2546
745712589599014916,7032,2340
745789745784041472,4047,1070
746056683365994496,3566,812
746131877086527488,6936,2209
746369468511756288,6202,1634
746507379341139972,4679,1085
746726898085036033,6075,1804
746790600704425984,4897,1610
746818907684614144,5335,1747
746872823977771008,6012,2138
746906459439529985,2906,298
747103485104099331,9609,3975
747204161125646336,3390,926
747219827526344708,5284,1579
747461612269887489,3897,1045
747512671126323200,5575,1619
747594051852075008,3698,1058
747600769478692864,2342,555
747816857231626240,4880,1169
747844099428986880,2835,750
747885874273214464,2963,981
747933425676525569,6630,2554
747963614829678593,5805,2154
748307329658011649,3691,715
748324050481647620,3697,764
748346686624440324,5250,1229
748568946752774144,2208,671
748575535303884801,6114,1984
748692773788876800,4269,1338
748699167502000129,4776,1597
748705597323898880,2791,955
748932637671223296,5855,2269
748977405889503236,10836,3408
749036806121881602,3112,798
749064354620928000,4842,1535
749317047558017024,5535,2245
749395845976588288,8627,3458
749403093750648834,2642,539
749417653287129088,6148,1652
749774190421639168,4686,1324
749981277374128128,5155,2481
749996283729883136,3086,823
750011400160841729,3263,909
750026558547456000,2736,795
750041628174217216,3207,624
750056684286914561,3182,901
750071704093859840,7893,3365
750086836815486976,2186,540
750101899009982464,3060,851
750117059602808832,4363,1323
750132105863102464,3642,1303
750147208377409536,3127,968
750383411068534784,4590,1156
750429297815552001,13277,4313
750506206503038976,4473,1150
750719632563142656,13287,5084
750868782890057730,4831,1379
751132876104687617,5113,1309
751205363882532864,6376,1836
751251247299190784,12623,5925
751456908746354688,3249,1010
751538714308972544,5080,1275
751583847268179968,4434,1116
751598357617971201,7992,3064
751830394383790080,5856,1965
751937170840121344,5237,1347
752173152931807232,6013,1856
752309394570878976,0,16411
752334515931054080,3845,1100
752519690950500352,7429,3465
752660715232722944,4418,1571
752682090207055872,6052,1606
752917284578922496,6985,1596
753026973505581056,3951,977
753294487569522689,3408,1053
753375668877008896,7721,2348
753398408988139520,5811,1924
753420520834629632,7984,3603
753655901052166144,5886,2187
754120377874386944,7951,2378
754449512966619136,3787,736
754482103782404096,5353,1972
754747087846248448,2611,527
754856583969079297,6972,2551
754874841593970688,0,8001
755110668769038337,21415,11210
755206590534418437,16605,5408
755955933503782912,7405,2910
756275833623502848,6488,1550
756288534030475264,43176,17630
756303284449767430,3981,1105
756526248105566208,10517,3623
756651752796094464,5118,1319
756939218950160384,6721,2031
756998049151549440,6358,2002
757354760399941633,4564,1436
757393109802180609,5879,1755
757400162377592832,15299,6928
757596066325864448,4374,1071
757597904299253760,0,301
757611664640446465,4604,1116
757725642876129280,4588,1225
757729163776290825,0,8033
757741869644341248,6943,3286
758041019896193024,2730,380
758355060040593408,3431,1092
758405701903519748,5256,1931
758467244762497024,4842,2241
758474966123810816,3847,1014
758740312047005698,5792,1626
758828659922702336,11341,3875
758854675097526272,3595,907
759047813560868866,6559,2049
759099523532779520,14680,4218
759159934323924993,0,1170
759197388317847553,6139,1970
759447681597108224,8576,2477
759557299618865152,4755,1200
759793422261743616,6030,1938
759846353224826880,6804,2002
759923798737051648,14835,5718
760190180481531904,5752,1826
760252756032651264,3982,879
760290219849637889,27130,11648
760539183865880579,7653,3669
760641137271070720,5032,1316
760656994973933572,6665,1931
760893934457552897,3858,989
761004547850530816,11462,3517
761227390836215808,5374,1587
761292947749015552,4539,1096
761334018830917632,5250,1468
761371037149827077,0,18279
761599872357261312,4176,1200
761672994376806400,50088,29459
761745352076779520,4316,874
761750502866649088,0,3965
761976711479193600,5477,2034
762035686371364864,32292,15733
762316489655476224,4859,1137
762464539388485633,10429,4230
762471784394268675,11352,6508
762699858130116608,12287,3665
763103485927849985,7449,2319
763183847194451968,5444,1490
763837565564780549,12751,4208
764259802650378240,6091,1523
764857477905154048,6536,1797
765222098633691136,11782,3439
765371061932261376,7161,2194
765395769549590528,26906,3421
765669560888528897,5256,1243
765719909049503744,7328,2177
766008592277377025,3796,503
766069199026450432,4289,865
766078092750233600,0,2664
766313316352462849,6882,1913
766423258543644672,6080,1612
766693177336135680,4070,811
766793450729734144,5143,1371
767122157629476866,10310,2902
767191397493538821,12468,3818
767500508068192258,7601,2375
767754930266464257,16235,5471
767884188863397888,4811,1405
768193404517830656,11027,3594
768473857036525572,13820,3480
768596291618299904,5111,1298
768609597686943744,4185,1224
768855141948723200,4263,901
768970937022709760,14582,6607
769212283578875904,5481,1753
769695466921623552,6508,1698
769940425801170949,31850,9712
770069151037685760,7701,2329
770093767776997377,0,3105
770293558247038976,6342,1505
770414278348247044,6417,2133
770655142660169732,7449,1797
770772759874076672,5262,1436
770787852854652928,5007,1218
771014301343748096,6993,1682
771102124360998913,6341,1463
771136648247640064,9287,2974
771171053431250945,0,7607
771380798096281600,10657,5173
771500966810099713,8391,2650
771770456517009408,12192,3446
772102971039580160,4064,953
772114945936949249,2768,475
772117678702071809,3833,751
772152991789019136,3868,1149
772193107915964416,6144,1418
772581559778025472,6612,1721
772615324260794368,0,3439
772826264096874500,8194,2392
772877495989305348,8716,3946
773191612633579521,10157,4218
773247561583001600,9616,3297
773308824254029826,23687,7594
773547596996571136,22473,6280
773670353721753600,5434,1335
773704687002451968,6713,1657
773922284943896577,6506,1778
773985732834758656,10918,3946
774314403806253056,22143,5626
774639387460112384,6858,1758
774757898236878852,8743,1820
775085132600442880,15835,4819
775364825476165632,7529,3024
775729183532220416,13188,4675
775733305207554048,14094,4057
775842724423557120,11921,2706
775898661951791106,0,16853
776088319444877312,1877,154
776113305656188928,11983,4435
776201521193218049,9792,2556
776218204058357768,30446,16179
776477788987613185,8991,2834
776813020089548800,4960,1234
776819012571455488,0,13957
777189768882946048,14531,4379
777621514455814149,8918,2548
777641927919427584,0,4313
777684233540206592,11439,2985
777885040357281792,6468,1654
778027034220126208,6671,1649
778039087836069888,8654,2696
778286810187399168,10575,3362
778383385161035776,5955,1123
778396591732486144,0,12493
778408200802557953,13877,4428
778624900596654080,4724,1029
778650543019483137,5882,1536
778748913645780993,7021,1340
778990705243029504,20366,7365
779056095788752897,15067,4612
779377524342161408,8983,3172
779834332596887552,19283,7203
780192070812196864,8875,2295
780459368902959104,5400,1100
780476555013349377,0,116
780496263422808064,0,3784
780543529827336192,6434,1775
780601303617732608,12351,3414
780800785462489090,5606,1326
780858289093574656,7332,2048
780931614150983680,22078,7471
781163403222056960,10010,2796
781251288990355457,8596,2122
781524693396357120,21166,5683
781661882474196992,10656,2780
781955203444699136,11364,3450
782021823840026624,0,6349
782305867769217024,16994,5703
782598640137187329,7965,1916
782722598790725632,17652,5511
782747134529531904,7636,1439
782969140009107456,24626,7542
783085703974514689,8326,2249
783334639985389568,29754,11950
783347506784731136,0,5673
783391753726550016,17249,5615
783466772167098368,8640,2300
783695101801398276,10681,3289
783821107061198850,7511,2017
783839966405230592,30678,11031
784431430411685888,5825,1305
784517518371221505,9175,2596
784826020293709826,10351,3320
785170936622350336,12309,4955
785264754247995392,7423,1680
785533386513321988,9305,2041
785639753186217984,8016,2290
785872687017132033,6850,1863
785927819176054784,11644,3260
786036967502913536,0,7203
786233965241827333,15610,4870
786363235746385920,11140,3600
786595970293370880,9648,3194
786664955043049472,10854,2622
786709082849828864,18676,6260
786963064373534720,27223,8177
787322443945877504,7970,1786
787397959788929025,11138,2911
787717603741622272,10496,2856
787810552592695296,8836,3135
788039637453406209,6269,1355
788070120937619456,0,3517
788150585577050112,6264,1321
788178268662984705,7397,2148
788412144018661376,15926,5412
788765914992902144,28003,10598
788908386943430656,28066,12784
789137962068021249,9948,2876
789268448748703744,9324,2674
789530877013393408,12017,3469
789599242079838210,6927,1976
789628658055020548,7679,1821
789986466051088384,9485,2373
790277117346975746,12864,3256
790337589677002753,8014,1926
790581949425475584,21155,7357
790698755171364864,8420,1980
790723298204217344,0,2373
790946055508652032,17052,4815
790987426131050500,10078,2192
791026214425268224,0,4208
791312159183634433,8995,2608
791406955684368384,13455,4234
791672322847637504,12040,3220
792050063153438720,7334,1852
792394556390137856,13788,4413
792773781206999040,7535,1728
792883833364439040,11594,4384
792913359805018113,14697,4084
793120401413079041,13009,4027
793135492858580992,6612,2557
793150605191548928,6345,1746
793165685325201412,9664,2859
793180763617361921,7122,2061
793195938047070209,15680,5793
793210959003287553,9154,2874
793226087023144960,10091,2946
793241302385262592,10791,3386
793256262322548741,20485,8579
793271401113350145,8920,2460
793286476301799424,25222,9419
793500921481273345,10944,2442
793601777308463104,8182,1673
793614319594401792,0,3220
793845145112371200,9461,1921
793962221541933056,17260,5029
794205286408003585,9450,3404
794332329137291264,9821,2747
794355576146903043,0,10598
794926597468000259,10520,2375
794983741416415232,0,3469
795076730285391872,16613,5582
795400264262053889,10324,2956
795464331001561088,50881,24337
796031486298386433,11074,3815
796080075804475393,8669,2381
796116448414461957,9336,2484
796149749086875649,33081,14693
796177847564038144,0,14693
796387464403357696,11288,4271
796484825502875648,7771,1810
796759840936919040,12137,3133
796865951799083009,7881,1967
797236660651966464,20447,6776
797545162159308800,14914,5002
797971864723324932,11904,3196
798209839306514432,10687,2627
798340744599797760,0,3446
798628517273620480,0,2029
798644042770751489,0,1905
798665375516884993,0,4019
798673117451325440,0,5697
798694562394996736,0,5097
798697898615730177,0,6676
798925684722855936,7671,1479
798933969379225600,13425,4596
799063482566066176,8273,2528
799297110730567681,10145,2840
799422933579902976,8255,1974
799757965289017345,8610,2218
799774291445383169,0,4819
800018252395122689,29102,13538
800141422401830912,15677,2620
800388270626521089,11428,2882
800443802682937345,0,4435
800459316964663297,9744,2232
800513324630806528,13471,3073
800751577355128832,10814,2869
801115127852503040,8279,2162
801167903437357056,25104,6093
801285448605831168,6211,848
801538201127157760,8423,2122
801958328846974976,7934,1757
802239329049477120,9298,2696
802265048156610565,6940,1415
802323869084381190,16615,5996
802572683846291456,9150,2578
802624713319034886,0,2985
802952499103731712,9241,2066
803276597545603072,10276,2525
803380650405482500,7966,1914
803638050916102144,11222,4251
803692223237865472,0,7624
803773340896923648,10312,2821
804026241225523202,45603,16608
804413760345620481,0,3320
804738756058218496,14028,3925
805207613751304193,8020,1760
805487436403003392,9008,2588
805520635690676224,5890,1708
805826884734976000,6733,1879
805932879469572096,8476,1968
805958939288408065,0,5511
806219024703037440,6591,1222
806242860592926720,0,11950
806542213899489280,10474,2418
806629075125202948,76560,35657
807010152071229440,13381,3959
807059379405148160,0,7542
807106840509214720,121190,57015
807621403335917568,14936,3730
808001312164028416,12844,3624
808106460588765185,8999,2263
808134635716833280,0,6093
808501579447930884,11571,2678
808733504066486276,8101,2223
808838249661788160,10352,3124
809084759137812480,13563,3617
809220051211603969,20403,5754
809448704142938112,7099,1501
809808892968534016,0,5029
809920764300447744,15890,4040
810254108431155201,15048,3456
810284430598270976,36111,11604
810657578271330305,11235,2720
810896069567610880,9230,1814
810984652412424192,5468,1472
811386762094317568,21406,6551
811627233043480576,13077,3161
811744202451197953,7718,1638
811985624773361665,7430,1439
812372279581671427,13973,3757
812466873996607488,8156,1986
812503143955202048,6207,1253
812709060537683968,6772,1467
812781120811126785,7757,1952
813051746834595840,21445,7540
813066809284972545,8143,2000
813081950185472002,10112,2839
813096984823349248,10798,3701
813112105746448384,10546,2807
813127251579564032,12124,3207
813142292504645637,8658,2438
813157409116065792,7950,2268
813172488309972993,9480,1977
813187593374461952,20328,4470
813202720496779264,9439,1850
813217897535406080,19046,7476
813800681631023104,8500,1808
813812741911748608,37199,14317
813910438903693312,9501,1915
813944609378369540,0,3256
814153002265309185,29399,8890
814530161257443328,8829,1909
814638523311648768,11506,2768
814986499976527872,7813,1309
815390420867969024,10583,3893
815639385530101762,8390,1683
815736392542261248,10053,2323
815966073409433600,22854,8655
815990720817401858,5057,1049
816014286006976512,0,5399
816091915477250048,9103,2190
816336735214911488,8783,1990
816450570814898180,31085,8268
816697700272001025,9999,2242
816816676327063552,10221,2082
816829038950027264,0,4815
817056546584727552,8766,1679
817120970343411712,12444,2658
817171292965273600,8946,2069
817181837579653120,0,8655
817415592588222464,5712,972
817423860136083457,34536,15069
817536400337801217,11978,3032
817777686764523521,10943,2746
817827839487737858,52693,27640
818145370475810820,12528,2623
818259473185828864,11240,2322
818536468981415936,11109,2517
818588835076603904,0,6280
818614493328580609,10033,2617
818627210458333184,22797,7685
819004803107983360,88445,37596
819006400881917954,46088,19327
819015331746349057,0,19327
819015337530290176,0,37596
819227688460238848,23493,6863
819347104292290561,7352,1232
819588359383371776,9812,2030
819711362133872643,13642,3173
819924195358416896,13113,4963
819952236453363712,5417,1202
820078625395449857,20167,6412
820314633777061888,3401,573
820446719150292993,0,2620
820690176645140481,12418,3292
820749716845686786,32098,10089
821044531881721856,12868,2323
821107785811234820,9755,2176
821149554670182400,8799,2031
821407182352777218,11985,4431
821522889702862852,8160,1800
821765923262631936,8558,1686
821813639212650496,0,3414
821886076407029760,11504,2353
822244816520155136,35514,10057
822462944365645825,28530,14599
822489057087389700,18437,6525
822610361945911296,15057,3011
822647212903690241,0,6525
822859134160621569,13495,2327
822872901745569793,133629,44043
822975315408461824,17564,3514
823269594223824897,0,10057
823322678127919110,15967,4096
823581115634085888,13224,2671
823699002998870016,14183,2561
823939628516474880,10776,2751
824297048279236611,15281,3932
824325613288833024,11983,10678
824663926340194305,10245,1771
824775126675836928,15157,3576
824796380199809024,0,5582
825026590719483904,6398,1284
825147591692263424,18560,4612
825535076884762624,57543,17778
825829644528148480,12903,2522
825876512159186944,10613,1902
826115272272650244,15862,3182
826204788643753985,4944,938
826240494070030336,13472,2645
826476773533745153,18654,4258
826598365270007810,10178,2380
826848821049180160,36822,10318
826958653328592898,21846,5088
827199976799354881,10704,2257
827324948884643840,16054,3103
827600520311402496,7528,955
827653905312006145,15671,3057
827933404142436356,20349,5315
828011680017821696,10468,2172
828046555563323392,11907,2913
828372645993398273,12698,2982
828376505180889089,7463,1087
828381636999917570,12740,2243
828408677031882754,7766,1306
828409743546925057,6424,1179
828650029636317184,9625,1367
828708714936930305,36918,11322
828770345708580865,25870,5938
829011960981237760,53699,16492
829141528400556032,24679,7445
829449946868879360,10565,2051
829501995190984704,32107,10726
829861396166877184,12359,1975
829878982036299777,0,5088
830097400375152640,9910,2984
830583320585068544,67540,16970
830956169170665475,8063,1514
831262627380748289,12030,2068
831309418084069378,11870,2485
831315979191906304,6607,1135
831322785565769729,9357,1569
831552930092285952,9068,2333
831650051525054464,7219,1949
831670449226514432,10544,1842
831911600680497154,27869,6574
831939777352105988,24236,6199
832032802820481025,18037,4704
832040443403784192,0,9712
832215726631055365,0,9419
832273440279240704,11452,2360
832369877331693569,17334,3218
832397543355072512,12065,2236
832636094638288896,15977,2815
832757312314028032,16991,3655
832769181346996225,0,39
832998151111966721,13379,2219
833124694597443584,20353,4885
833479644947025920,14959,2070
833722901757046785,20960,3249
833826103416520705,18184,3801
833863086058651648,13513,2424
834086379323871233,13171,2225
834167344700198914,15944,3685
834209720923721728,20748,4792
834458053273591808,9677,1694
834574053763584002,13767,2555
834786237630337024,21483,5534
834931633769889797,10877,1656
835152434251116546,22565,3038
835172783151792128,26340,5799
835264098648616962,7785,1712
835297930240217089,16575,3035
835574547218894849,17899,3644
836001077879255040,19199,4283
836260088725786625,21434,4320
836380477523124226,14842,3004
836677758902222849,12675,2236
836753516572119041,19416,4658
836989968035819520,12830,2294
837110210464448512,16136,2372
837471256429613056,12869,2282
837482249356513284,3860,444
837820167694528512,34279,7884
838083903487373313,17708,3146
838476387338051585,22579,4781
838561493054533637,10982,1341
838916489579200512,0,35
838921590096166913,11191,2071
839239871831150596,27200,6539
839290600511926273,0,144
839549326359670784,27526,7761
839990271299457024,13451,2278
840268004936019968,19299,5741
840370681858686976,16490,4541
840632337062862849,9016,1764
840696689258311684,12307,974
841077006473256960,22898,5298
841314665196081154,15853,4648
841439858740625411,12670,3684
841680585030541313,25721,7789
841833993020538882,0,15069
842115215311396866,13979,3021
842163532590374912,24448,5777
842535590457499648,18090,3493
842765311967449089,6729,1279
842846295480000512,15256,3626
843235543001513987,21486,6001
843604394117681152,16856,2733
843856843873095681,21413,4593
844223788422217728,13614,2185
844580511645339650,16426,3113
844973813909606400,15031,3169
844979544864018432,13584,2541
845306882940190720,23250,5350
845397057150107648,7609,1790
845677943972139009,25087,4756
845812042753855489,29111,8630
846042936437604353,15901,2839
846153765933735936,31457,8970
846514051647705089,44364,11452
846874817362120707,19973,3889
847116187444137987,21332,3146
847157206088847362,19760,5786
847251039262605312,20367,4268
847606175596138505,18630,3386
847842811428974592,5398,1317
847962785489326080,23322,5021
847971574464610304,0,426
848212111729840128,16191,3002
848324959059550208,24493,4554
848690551926992896,24966,4260
849051919805034497,41933,8358
849336543269576704,11305,1876
849412302885593088,15707,3117
849776966551130114,30118,7491
850019790995546112,20189,4796
850145622816686080,16130,3734
850380195714523136,12930,2566
850753642995093505,30424,8980
851224888060895234,20402,5628
851464819735769094,23924,6916
851591660324737024,16042,3413
851861385021730816,0,19
852189679701164033,11284,1554
852226086759018497,19663,6694
852311364735569921,32607,9729
852553447878664193,16030,3394
852672615818899456,14655,2105
852912242202992640,8886,1775
853299958564483072,15211,3467
853639147608842240,34024,9796
853760880890318849,28016,5586
854010172552949760,15902,3066
854120357044912130,31317,7267
854365224396361728,18477,4548
854482394044301312,28660,6676
854732716440526848,22260,5888
855459453768019968,29105,7948
855851453814013952,44559,17396
856282028240666624,27015,6066
856526610513747968,11540,1805
856543823941562368,15875,2775
857029823797047296,18336,3838
857263160327368704,19453,4339
857393404942143489,5716,1574
857746408056729600,33214,10188
857989990357356544,15596,2485
858107933456039936,15260,2783
858471635011153920,20814,4645
858843525470990336,15072,3334
859074603037188101,32709,13016
859196978902773760,86851,28773
859607811541651456,17986,1489
859851578198683649,14888,3345
859924526012018688,18909,3908
860184849394610176,16096,5566
860276583193509888,17720,3334
860524505164394496,22784,5054
860563773140209665,7222,2041
860924035999428608,0,762
861005113778896900,16078,3625
861288531465048066,16528,3925
861383897657036800,34745,10161
862096992088072192,71448,21946
862457590147678208,19673,4674
862722525377298433,16433,3346
862831371563274240,18450,4869
863062471531167744,8128,2299
863079547188785154,8445,1050
863432100342583297,22854,4956
863553081350529029,14650,3957
863907417377173506,19764,3909
864197398364647424,28783,8354
864279568663928832,13976,2847
864873206498414592,30935,8192
865006731092295680,26831,7249
865359393868664832,25365,4711
865718153858494464,24558,5291
866334964761202691,50136,13398
866450705531457537,116861,33099
866686824827068416,18440,3274
867051520902168576,30783,7392
867072653475098625,0,112
867421006826221569,15369,2334
867774946302451713,32425,6886
867900495410671616,23095,3915
868552278524837888,9613,1941
868622495443632128,25446,4959
868880397819494401,62335,13484
869227993411051520,19448,3534
869596645499047938,15212,2914
869702957897576449,26893,5880
869772420881756160,40449,9417
870063196459192321,34739,7746
870308999962521604,20833,3867
870374049280663552,78808,24627
870656317836468226,11755,2459
870804317367881728,31945,5749
871032628920680449,21588,3555
871515927908634625,19133,3228
871762521631449091,19180,3236
871879754684805121,35649,10203
872122724285648897,32530,7496
872486979161796608,38593,8362
872620804844003328,19630,3374
872820683541237760,13953,3441
872967104147763200,25828,5016
873213775632977920,6782,1475
873580283840344065,22903,3628
874012996292530176,32438,9471
874057562936811520,21479,3670
874296783580663808,24625,3787
874680097055178752,26271,4270
875021211251597312,24072,4350
875144289856114688,20684,4521
875747767867523072,23754,3933
876120275196170240,26420,4299
876484053909872640,17716,2182
876838120628539392,19516,3065
877201837425926144,25570,5134
877316821321428993,25844,4776
877556246731214848,21423,3498
877611172832227328,0,73
877736472329191424,74815,17418
878057613040115712,39694,6242
878281511006478336,7297,1185
878776093423087618,18260,3753
879008229531029506,17897,2467
879050749262655488,21255,4304
879376492567855104,15841,2867
879415818425184262,99635,40760
879492040517615616,22122,2925
879862464715927552,21072,3210
880095782870896641,26021,3982
880221127280381952,25421,3816
880465832366813184,26833,5706
880872448815771648,20048,3511
880935762899988482,16077,2554
881268444196462592,21878,4827
881536004380872706,46564,14636
881666595344535552,47680,9787
881906580714921986,22906,3114
882045870035918850,27606,4485
882268110199369728,42209,10607
882627270321602560,26342,5571
882762694511734784,26626,4481
882992080364220416,22491,3567
883117836046086144,34912,6081
883360690899218434,21355,3391
883482846933004288,43143,9051
883838122936631299,20569,3149
884162670584377345,19210,2741
884441805382717440,25487,5213
884562892145688576,22877,4304
884876753390489601,26216,5116
884925521741709313,72649,16593
885167619883638784,20614,4005
885311592912609280,0,16970
885528943205470208,33839,5853
885984800019947520,30644,6154
886258384151887873,26354,5781
886366144734445568,19913,2898
886680336477933568,21151,4088
886736880519319552,11286,2943
886983233522544640,32906,7024
887101392804085760,28825,5455
887343217045368832,31670,9584
887473957103951883,64727,16492
887517139158093824,43656,10784
887705289381826560,28457,4931
888078434458587136,20496,3170
888554962724278272,18592,3190
888804989199671297,24072,3886
888917238123831296,27398,4121
889278841981685760,23706,4880
889531135344209921,14232,2061
889638837579907072,25440,4115
889665388333682689,45199,9161
889880896479866881,26232,4569
890006608113172480,28877,6718
890240255349198849,29976,6727
890609185150312448,26240,3931
890729181411237888,61256,17263
890971913173991426,11106,1857
891087950875897856,19066,2852
891327558926688256,37851,8520
891689557279858688,39658,7901
891815181378084864,23592,3789
892177421306343426,31319,5727
892420643555336193,36347,7735
